<?xml version= "1.0" encoding = "UTF-8"?>

<menú  precio = " 15 €">
    
    <Plato1>
        <plato nombre = "Ensalada china">
            <ingredientes> lechuga, zanahoria, algas, jamón, y salsa blanca </ingredientes>
        </plato>
        <plato nombre = "Rollito de primavera" >
            <ingredientes> torta, col, zanahoria, </ingredientes>
        </plato>
    </Plato1>   

    <Plato2>
        <plato nombre = "Arroz tres delicias" >
            <ingredientes> arroz, tortilla, jamón, guisantes y zanahoria </ingredientes>
        </plato>
        <plato nombre = "Tallarines chinos" >
            <ingredientes> tallarines, pimiento, y tofu </ingredientes>
        </plato>
    </Plato2> 

    <Plato3>
        <plato nombre = "Pollo con almendras" >
            <ingredientes> pollo, almendras, calabacín, cebolla y zanahorias </ingredientes>
        </plato>
        <plato nombre = "Ternera con bambú" >
            <ingredientes> ternera, bambú, setas, y cebolla </ingredientes>
        </plato>
    </Plato3>    

</menú>
